market,game,set_code,tier,asin,title,price,old_price,promo,url
ES,Pokemon,,display,B0GSS7D8RN,Pokémon TCG: Mega Evolution—Chaos Rising Booster Display (18 Paquetes de Refuerzo),248.73,,False,https://www.amazon.es/Pok%C3%A9mon-TCG-Evolution-Chaos-Paquetes-Refuerzo/dp/B0GSS7D8RN/ref=sr_1_11?dib=eyJ2IjoiMSJ9.8zXltK-c139J4pgcka0AEn2Zh1aM8Dlk_eSkVccZEiRAKFoUfOQZLLaLprTrrjCWY_RPN12KKHkXbGFfUP_rurX4l1jaCb_ELo-1COiQ0_BxN1e1Gl-F93_GaPurjrslpLahF04QP2UaF6XP0IXavb3UQ_mt1MdhlD9fcSDRf-M8OkJk5s8SkYv2EIj7irFDb-o4SyXryezEhfAkQdGrZqHDZdOK0QggPv6hxdop4DAcsfXktVmoGA3qUoCQp2oOAz-EVqGNuKUFkxbqKR8Y8fHHGsQiCTJkiPwyRXqKxu0.g49KSZIMQEAiFHChsRpGTH2G_jZ1YJYibwi4mhSBXR0&dib_tag=se&keywords=pokemon+display&qid=1791583795&sr=8-11
ES,Pokemon,,display,B0F2GZJ3TZ,Pokemon TCG: Scarlet & Violet - Destined Rivals Booster Display Box - 36 Packs,540.0,,False,https://www.amazon.es/Pokemon-TCG-Scarlet-Destined-Booster/dp/B0F2GZJ3TZ/ref=sr_1_12?dib=eyJ2IjoiMSJ9.8zXltK-c139J4pgcka0AEn2Zh1aM8Dlk_eSkVccZEiRAKFoUfOQZLLaLprTrrjCWY_RPN12KKHkXbGFfUP_rurX4l1jaCb_ELo-1COiQ0_BxN1e1Gl-F93_GaPurjrslpLahF04QP2UaF6XP0IXavb3UQ_mt1MdhlD9fcSDRf-M8OkJk5s8SkYv2EIj7irFDb-o4SyXryezEhfAkQdGrZqHDZdOK0QggPv6hxdop4DAcsfXktVmoGA3qUoCQp2oOAz-EVqGNuKUFkxbqKR8Y8fHHGsQiCTJkiPwyRXqKxu0.g49KSZIMQEAiFHChsRpGTH2G_jZ1YJYibwi4mhSBXR0&dib_tag=se&keywords=pokemon+display&qid=1791583795&sr=8-12
ES,Pokemon,,display,B0FHPKXRYC,Pokémon TCG: Mega Evolution Enhanced Booster Display Box,396.27,,False,https://www.amazon.es/Pok%C3%A9mon-TCG-Evolution-Enhanced-Booster/dp/B0FHPKXRYC/ref=sr_1_88?dib=eyJ2IjoiMSJ9.TyqDlz4wuQ7x44XxOprWEUxm15F-XsW5J-_lVx5vykqV2ooxIul6fwuwKxsx_GpEQRb7kBk4-Ln2OUUNQl2uzJIilK0DOSGAKiJm9LlU0VMYYQGbMJl-OAHSX6TbfntsDdQ_6aBBNdBzHNSSaNhMkAFw_o9ZKdgoOhJMi1JtFYVsMOGjYUVU-UsUMAVWcOKbnhSM_CnLgUzsevirJyKrdFQQ46_9ofbtPdyVfAyh1BlBZCYHV9p4RVJou6xTSpP_Gg-48FcTeWxJcFt1yt7ldWIjaXe0PQe15ou71JdBLcY.8wV4EffIlLIZ2p5TGHMxnY42zsc0Qw9GMSxBhuVidRA&dib_tag=se&keywords=pokemon+booster+box&qid=1791583868&sr=8-88&xpid=6-OYsncVKJ308
ES,Pokemon,,display,B0HDB9L56K,Pokémon TCG CSV10C Chasing Glory Together Booster Box Chino Simplificado – 15 Sobres / 75 Cartas,47.8,59.9,True,https://www.amazon.es/Pok%C3%A9mon-TCG-CSV10C-Chasing-Glory/dp/B0HDB9L56K/ref=sr_1_27?dib=eyJ2IjoiMSJ9.0L0eUEVTmhVFN53IqeMt_LLTWqaOVkXhIF3cmuXso00c-L7pYEWQ3G_GT_DZNDT7gywmwrLXs4vPsWt-MmURqDr6bZhg9sBhJkIHj9ji7dKn7g-LX_aAceHHswfd3Q1wVE1IgU22eoecgID7PaNuGVNGSLcL8GISp16vnBS4iBhEqkxzVFKgfP_lH0prpEQlJjbCvuyZMTImYOobI6jHHjD5TxIJYKzjGQPS2HLSki_VQReE4C3-defz6bikXyInkDN4fdmmVdRcQH0oozwZtyppdTBl0KXcbov7eqOIZ-Y.dADWtI4EHLDhhOyxBIxqdkRCoeMVSNquzXLN4RFC6l4&dib_tag=se&keywords=pokemon+elite+trainer+box&qid=1791583918&sr=8-27
ES,Pokemon,SV06,display,B0CR2Q994N,Pokémon Scarlet & Violet Mask of Change (sv6) Booster Display - JPN,154.78,,False,https://www.amazon.es/Pok%C3%A9mon-Scarlet-Violet-Booster-Display/dp/B0CR2Q994N/ref=sr_1_67?dib=eyJ2IjoiMSJ9.TyqDlz4wuQ7x44XxOprWEUxm15F-XsW5J-_lVx5vykqV2ooxIul6fwuwKxsx_GpEQRb7kBk4-Ln2OUUNQl2uzJIilK0DOSGAKiJm9LlU0VMYYQGbMJl-OAHSX6TbfntsDdQ_6aBBNdBzHNSSaNhMkAFw_o9ZKdgoOhJMi1JtFYVsMOGjYUVU-UsUMAVWcOKbnhSM_CnLgUzsevirJyKrdFQQ46_9ofbtPdyVfAyh1BlBZCYHV9p4RVJou6xTSpP_Gg-48FcTeWxJcFt1yt7ldWIjaXe0PQe15ou71JdBLcY.8wV4EffIlLIZ2p5TGHMxnY42zsc0Qw9GMSxBhuVidRA&dib_tag=se&keywords=pokemon+booster+box&qid=1791583868&sr=8-67&xpid=6-OYsncVKJ308
ES,Pokemon,,display,B0HG2Y1198,Pokémon Display Booster Box M6 Storm Emeralda JAP,147.2,,False,https://www.amazon.es/Pok%C3%A9mon-Display-Booster-Storm-Emeralda/dp/B0HG2Y1198/ref=sr_1_93?dib=eyJ2IjoiMSJ9.TyqDlz4wuQ7x44XxOprWEUxm15F-XsW5J-_lVx5vykqV2ooxIul6fwuwKxsx_GpEQRb7kBk4-Ln2OUUNQl2uzJIilK0DOSGAKiJm9LlU0VMYYQGbMJl-OAHSX6TbfntsDdQ_6aBBNdBzHNSSaNhMkAFw_o9ZKdgoOhJMi1JtFYVsMOGjYUVU-UsUMAVWcOKbnhSM_CnLgUzsevirJyKrdFQQ46_9ofbtPdyVfAyh1BlBZCYHV9p4RVJou6xTSpP_Gg-48FcTeWxJcFt1yt7ldWIjaXe0PQe15ou71JdBLcY.8wV4EffIlLIZ2p5TGHMxnY42zsc0Qw9GMSxBhuVidRA&dib_tag=se&keywords=pokemon+booster+box&qid=1791583868&sr=8-93&xpid=6-OYsncVKJ308
ES,Pokemon,,display,B0CQDGBG1T,Pokemon TCG: Scarlet and Violet: PALDEAN Fates: Mini-TINS Display,798.12,,False,https://www.amazon.es/POKEMON-TCG-SCARLET-PALDEAN-MINI-TINS/dp/B0CQDGBG1T/ref=sr_1_53?dib=eyJ2IjoiMSJ9.kbq30bsFGiODdBQOFUqR6XiCLfusCVGUG1oYlThjXr0vKVb1G0tA1YLwaqCK-z8MwJPlpBElIWOohcYIrBZcxBEVuHFn0_sCWUL0v6vaXFPtq6MzqECJvWl95ISHDfjEgVYU6ewlCrhCCiARbb7h4QMQ4QDq3MgqgjQUZaFNci0uxbtBzXKoZIs26pxvAd1tlFoxmV-Lp79otGajDPCqZWPuyaUTFAYUspXbkmR9azwSouONvbpT5QQ_Fib-fecdb-wLBmkG_ZvZX00XLZUXn5FFgggosobq7L1BhBm2VD8.NDJzeNwaw2wmnfauLTYJvLYm_ff3Oqf-UrbzIEG4bc8&dib_tag=se&keywords=pokemon+display&qid=1791583808&sr=8-53&xpid=inKsdWJHFIo5x
ES,Pokemon,,display,B0FRMKW22Y,"Caja acrílica, vitrina para Pokemon Booster Box, cajas de exhibición de acrílico transparente para Pokemon (8 x 4 x 7 pulgadas)",33.13,,False,https://www.amazon.es/acr%C3%ADlica-exhibici%C3%B3n-acr%C3%ADlico-transparente-pulgadas/dp/B0FRMKW22Y/ref=sr_1_110?dib=eyJ2IjoiMSJ9.pjMJt0syHUdfkBdpOTw22SMuioUJCp6b-BSsBjftfe3g8I80CRcwLo4_7YejAUrm_llLAFXLV0F4ir632zX0WreIEikKECzhZFuiRQHfxATvbhHe8PDPn2m_JhUyohA2aI6Embsp9BvDNA63wBDQUY58QU0t4mGRh52wPGJ2kHV9BNRD1ncLK3gmlfsCVkHCH7RZBwk9vNwAvULaeuGzzxqoCkk-pFmZKVE6-wpbBB-ccfuLjEtta3cP1daFrH8Jkd3kKXjpccxWszpmSRsiobM3aqUqCtu8PiIV_H4aNkw.zGRXlHMtwIRKHcRIWh0badVKF-5YPsdy9r-uGPjsjtE&dib_tag=se&keywords=pokemon+display&qid=1791583822&sr=8-110&xpid=inKsdWJHFIo5x
ES,Pokemon,,display,B0HDQ9FXWH,Pokémon TCG CSV9C Stellar Crystal Booster Box Chino Simplificado – 15 Sobres / 75 Cartas,47.5,,False,https://www.amazon.es/Pok%C3%A9mon-TCG-CSV9C-Stellar-Crystal/dp/B0HDQ9FXWH/ref=sr_1_25?dib=eyJ2IjoiMSJ9.PhJOhQFdYJ8z9IUorLhA4rrshkhngGV_nCrOeR500IgqXQgR2m8AuTpq_fbvPp6E_wwCOJ_8Nsxas0Qn2dsC7zDRi8fXEzWJLVXnRim17-8p9v4LsiFEQRGhFuJoIGsSU3rJOd9UErYnNGoRCMZBLNozJ2JHudvBuzf66GIHo8owwjKxKNv-RBRCfafuUuk5x1C0-VA2sA5teRXBvibFEDWdCcJ0cfkJN9dUkyBiNR3m9pZGTk2scwP6Gn8MTRqInEhx8dHQiSfzoq5rIA3givnu_UUiCpzylhjM9CyyzI4.1XsiQX1oas47oA79nr2FvGrbFRwY4cxA2HaGWa1RF18&dib_tag=se&keywords=pokemon+booster+box&qid=1791583856&sr=8-25
ES,Pokemon,,display,B0GZ44CXS4,Pokemon Gem Vol. 5 (Volumen 5) CBB5C | Chino simplificado | Booster Box | Más de 15 años,50.45,,False,https://www.amazon.es/Pokemon-Volumen-CBB5C-simplificado-Booster/dp/B0GZ44CXS4/ref=sr_1_32?dib=eyJ2IjoiMSJ9.PhJOhQFdYJ8z9IUorLhA4rrshkhngGV_nCrOeR500IgqXQgR2m8AuTpq_fbvPp6E_wwCOJ_8Nsxas0Qn2dsC7zDRi8fXEzWJLVXnRim17-8p9v4LsiFEQRGhFuJoIGsSU3rJOd9UErYnNGoRCMZBLNozJ2JHudvBuzf66GIHo8owwjKxKNv-RBRCfafuUuk5x1C0-VA2sA5teRXBvibFEDWdCcJ0cfkJN9dUkyBiNR3m9pZGTk2scwP6Gn8MTRqInEhx8dHQiSfzoq5rIA3givnu_UUiCpzylhjM9CyyzI4.1XsiQX1oas47oA79nr2FvGrbFRwY4cxA2HaGWa1RF18&dib_tag=se&keywords=pokemon+booster+box&qid=1791583856&sr=8-32
ES,Pokemon,,display,B0CMZS84KP,Pokémon - Expansion Pack: Cyber Judge Booster Box,113.43,,False,https://www.amazon.es/Pok%C3%A9mon-Scarlet-Expansion-versi%C3%B3n-japonesa/dp/B0CMZS84KP/ref=sr_1_16?dib=eyJ2IjoiMSJ9.owryieV5Bjahj50vNlnkn3YbVnlAs1C5WXiRINJGpE3hTxj10qUHbZvs3TE52RNdGigRSOHaifHaMWC56208h8MHhZSuWzd44sh1m5FpfKcCgg-s9YI4kXk5xAXa6tDIDO8mPM1u05Ifl-5UAFBpnzIrJDdNqfIk5yxX8-ppgkGV7_nIz8E6o3halPGbO5Hr8HwoicbKb0pi7VBdV2j84prZSlrgaIqUeR1QRUoNo--QuaDsPAhD49wJ5M-30zKRzFqCE1vGG-s8Vq1h8cTs56KHsub3yXcBUz6lWuEnA0U.wXlDlZcssAWpVzZsqCN_HNV0owLLk86H1pC3U56UTMg&dib_tag=se&keywords=pokemon+coffret+dresseur&qid=1791583961&sr=8-16
ES,Pokemon,,display,B0H6YDC2CQ,Pokemon TCG Terastal Gathering CSV9.5C Booster Box (chino) -10 paquetes,109.43,,False,https://www.amazon.es/Pokemon-Terastal-Gathering-CSV9-5C-paquetes/dp/B0H6YDC2CQ/ref=sr_1_46?dib=eyJ2IjoiMSJ9.PhJOhQFdYJ8z9IUorLhA4rrshkhngGV_nCrOeR500IgqXQgR2m8AuTpq_fbvPp6E_wwCOJ_8Nsxas0Qn2dsC7zDRi8fXEzWJLVXnRim17-8p9v4LsiFEQRGhFuJoIGsSU3rJOd9UErYnNGoRCMZBLNozJ2JHudvBuzf66GIHo8owwjKxKNv-RBRCfafuUuk5x1C0-VA2sA5teRXBvibFEDWdCcJ0cfkJN9dUkyBiNR3m9pZGTk2scwP6Gn8MTRqInEhx8dHQiSfzoq5rIA3givnu_UUiCpzylhjM9CyyzI4.1XsiQX1oas47oA79nr2FvGrbFRwY4cxA2HaGWa1RF18&dib_tag=se&keywords=pokemon+booster+box&qid=1791583856&sr=8-46
ES,Pokemon,,display,B0GGS8N5R2,Pokemon Vivid Portrayals Eternatus CS2BC | Chino simplificado | Booster Box | Más de 15 años,96.95,,False,https://www.amazon.es/Pokemon-Portrayals-Eternatus-simplificado-Booster/dp/B0GGS8N5R2/ref=sr_1_57?dib=eyJ2IjoiMSJ9.TyqDlz4wuQ7x44XxOprWEUxm15F-XsW5J-_lVx5vykqV2ooxIul6fwuwKxsx_GpEQRb7kBk4-Ln2OUUNQl2uzJIilK0DOSGAKiJm9LlU0VMYYQGbMJl-OAHSX6TbfntsDdQ_6aBBNdBzHNSSaNhMkAFw_o9ZKdgoOhJMi1JtFYVsMOGjYUVU-UsUMAVWcOKbnhSM_CnLgUzsevirJyKrdFQQ46_9ofbtPdyVfAyh1BlBZCYHV9p4RVJou6xTSpP_Gg-48FcTeWxJcFt1yt7ldWIjaXe0PQe15ou71JdBLcY.8wV4EffIlLIZ2p5TGHMxnY42zsc0Qw9GMSxBhuVidRA&dib_tag=se&keywords=pokemon+booster+box&qid=1791583868&sr=8-57&xpid=6-OYsncVKJ308
ES,Pokemon,,display,B0GM7H8GCW,Pokemon Blade Awakened CSV7C | Chino simplificado | Booster Box | Más de 15 años,63.37,,False,https://www.amazon.es/Pokemon-Blade-Awakened-simplificado-Booster/dp/B0GM7H8GCW/ref=sr_1_62?dib=eyJ2IjoiMSJ9.TyqDlz4wuQ7x44XxOprWEUxm15F-XsW5J-_lVx5vykqV2ooxIul6fwuwKxsx_GpEQRb7kBk4-Ln2OUUNQl2uzJIilK0DOSGAKiJm9LlU0VMYYQGbMJl-OAHSX6TbfntsDdQ_6aBBNdBzHNSSaNhMkAFw_o9ZKdgoOhJMi1JtFYVsMOGjYUVU-UsUMAVWcOKbnhSM_CnLgUzsevirJyKrdFQQ46_9ofbtPdyVfAyh1BlBZCYHV9p4RVJou6xTSpP_Gg-48FcTeWxJcFt1yt7ldWIjaXe0PQe15ou71JdBLcY.8wV4EffIlLIZ2p5TGHMxnY42zsc0Qw9GMSxBhuVidRA&dib_tag=se&keywords=pokemon+booster+box&qid=1791583868&sr=8-62&xpid=6-OYsncVKJ308
ES,Pokemon,ME05,display,B0H959HW6P,Pokémon TCG: Pitch Black Booster Packs x3 | Pokemon Pitch Black ME05 | Pokemon Mega Evolution Series | Perfecto para los fans de Mega Evolution Booster Box | Titan Authenticated,43.52,,False,https://www.amazon.es/Pok%C3%A9mon-TCG-Evolution-Perfecto-Authenticated/dp/B0H959HW6P/ref=sr_1_76?dib=eyJ2IjoiMSJ9.kNhvrMyKR1grnFTbM_jKnH4vIl0OtTUUzNdmktEF7sdaDUn-WDOXAghVkTrcg4ol5M3g229IfenHlQluIOAJ0xN2mL2q8pdi1MFptr0Dk8r6QPz1SEOk0o-6dpQAnXcuIy5-_Z8uSCHsFRJb_7pC_ndzuidjfmF8FCmGj8-l7dWdaOjQmd-DGOlWTi2ZaHg7IzLh3crsmalUdsc6h7tfo9DYoEZ9wEjgvprt2m31YmYP8ombcE3Xr_0NZOJwK9zDpjTtnj8fCzBHiHOILUp9uUZu-5aSVhu7pBfKIDDvNAY.ExpKCQuwJdYh7o26xbWtJEBqxFc1tb7QARDxWqk8ixI&dib_tag=se&keywords=pokemon+elite+trainer+box&qid=1791583930&sr=8-76&xpid=HGnqROR5iANmd
ES,Pokemon,,display,B0FJS3S1JL,Pokemon Wild Force Booster Box Coreana SV5K - Caja de Refuerzo Sellada,78.41,,False,https://www.amazon.es/Pokemon-Wild-Force-refuerzo-coreana/dp/B0FJS3S1JL/ref=sr_1_84?dib=eyJ2IjoiMSJ9.TyqDlz4wuQ7x44XxOprWEUxm15F-XsW5J-_lVx5vykqV2ooxIul6fwuwKxsx_GpEQRb7kBk4-Ln2OUUNQl2uzJIilK0DOSGAKiJm9LlU0VMYYQGbMJl-OAHSX6TbfntsDdQ_6aBBNdBzHNSSaNhMkAFw_o9ZKdgoOhJMi1JtFYVsMOGjYUVU-UsUMAVWcOKbnhSM_CnLgUzsevirJyKrdFQQ46_9ofbtPdyVfAyh1BlBZCYHV9p4RVJou6xTSpP_Gg-48FcTeWxJcFt1yt7ldWIjaXe0PQe15ou71JdBLcY.8wV4EffIlLIZ2p5TGHMxnY42zsc0Qw9GMSxBhuVidRA&dib_tag=se&keywords=pokemon+booster+box&qid=1791583868&sr=8-84&xpid=6-OYsncVKJ308
ES,Pokemon,ME04,display,B0H3KHL9VW,Pokémon TCG: Chaos Rising Booster Packs x3 | Pokemon Chaos Rising ME04 | Pokemon Mega Evolution Series | Perfecto para los fans de Chaos Rising Booster Box | Titan Authenticated,43.77,,False,https://www.amazon.es/Pok%C3%A9mon-TCG-Evolution-Perfecto-Authenticated/dp/B0H3KHL9VW/ref=sr_1_68?dib=eyJ2IjoiMSJ9.kNhvrMyKR1grnFTbM_jKnH4vIl0OtTUUzNdmktEF7sdaDUn-WDOXAghVkTrcg4ol5M3g229IfenHlQluIOAJ0xN2mL2q8pdi1MFptr0Dk8r6QPz1SEOk0o-6dpQAnXcuIy5-_Z8uSCHsFRJb_7pC_ndzuidjfmF8FCmGj8-l7dWdaOjQmd-DGOlWTi2ZaHg7IzLh3crsmalUdsc6h7tfo9DYoEZ9wEjgvprt2m31YmYP8ombcE3Xr_0NZOJwK9zDpjTtnj8fCzBHiHOILUp9uUZu-5aSVhu7pBfKIDDvNAY.ExpKCQuwJdYh7o26xbWtJEBqxFc1tb7QARDxWqk8ixI&dib_tag=se&keywords=pokemon+elite+trainer+box&qid=1791583930&sr=8-68&xpid=HGnqROR5iANmd
ES,Pokemon,ME03,display,B0GTX4MDYN,Pokémon TCG: Perfect Order Booster Packs x3 | Pokemon Perfect Order ME03 | Pokemon Mega Evolution Series | Perfecto para los fans de Perfect Order Booster Box | Titan Authenticated,43.72,,False,https://www.amazon.es/Pok%C3%A9mon-TCG-Evolution-Perfecto-Authenticated/dp/B0GTX4MDYN/ref=sr_1_69?dib=eyJ2IjoiMSJ9.kNhvrMyKR1grnFTbM_jKnH4vIl0OtTUUzNdmktEF7sdaDUn-WDOXAghVkTrcg4ol5M3g229IfenHlQluIOAJ0xN2mL2q8pdi1MFptr0Dk8r6QPz1SEOk0o-6dpQAnXcuIy5-_Z8uSCHsFRJb_7pC_ndzuidjfmF8FCmGj8-l7dWdaOjQmd-DGOlWTi2ZaHg7IzLh3crsmalUdsc6h7tfo9DYoEZ9wEjgvprt2m31YmYP8ombcE3Xr_0NZOJwK9zDpjTtnj8fCzBHiHOILUp9uUZu-5aSVhu7pBfKIDDvNAY.ExpKCQuwJdYh7o26xbWtJEBqxFc1tb7QARDxWqk8ixI&dib_tag=se&keywords=pokemon+elite+trainer+box&qid=1791583930&sr=8-69&xpid=HGnqROR5iANmd
ES,Pokemon,,display,B09DGR74Y3,Pokémon TCG: Celebrations Dark Sylveon V Collections Booster Box,686.07,,False,https://www.amazon.es/Pok%C3%A9mon-TCG-Celebrations-Sylveon-Collections/dp/B09DGR74Y3/ref=sr_1_54?dib=eyJ2IjoiMSJ9.kNhvrMyKR1grnFTbM_jKnH4vIl0OtTUUzNdmktEF7sdaDUn-WDOXAghVkTrcg4ol5M3g229IfenHlQluIOAJ0xN2mL2q8pdi1MFptr0Dk8r6QPz1SEOk0o-6dpQAnXcuIy5-_Z8uSCHsFRJb_7pC_ndzuidjfmF8FCmGj8-l7dWdaOjQmd-DGOlWTi2ZaHg7IzLh3crsmalUdsc6h7tfo9DYoEZ9wEjgvprt2m31YmYP8ombcE3Xr_0NZOJwK9zDpjTtnj8fCzBHiHOILUp9uUZu-5aSVhu7pBfKIDDvNAY.ExpKCQuwJdYh7o26xbWtJEBqxFc1tb7QARDxWqk8ixI&dib_tag=se&keywords=pokemon+elite+trainer+box&qid=1791583930&sr=8-54&xpid=HGnqROR5iANmd
ES,Pokemon,,display,B0CMF2R9WK,Pokemon Card Sword & Shield Legendary Heartbeat (Vivid Voltage) Booster Box/Versión coreana,89.1,,False,https://www.amazon.es/Pokemon-Legendary-Heartbeat-Voltage-Booster/dp/B0CMF2R9WK/ref=sr_1_132?dib=eyJ2IjoiMSJ9.AALh1kmsylhOCyUOH02FE4Nt6DTHYYKJ-0Au8TDtK-SZDiajHc9Zv0ObnHqke-Ya5-xBirmbvBRNZdffK7G289fmFMBFGYumSbM-qRQMmYdd-FImf4pRFVAUW-MQ0srdBaX0iRbsp_HgYmkJvi-rVWJ9jvehjdGx9Yap1jncJeDbSeV5q243TtMHNaD874nRhnBbyP0vWh6R_ULkV8YBDQSpQwkI0s88sHEevKY4yXXVTawf9CyioKY-LXN4MxE7wDXFUfqsKe2ksnGsdwjJSBAIPNAZ9r4UiYLnJFhoh6Y.HASkbVnm6GYRvcVoIRBrz98i0Z8QmQSeRf6cTgGS9es&dib_tag=se&keywords=pokemon+booster+box&qid=1791583882&sr=8-132&xpid=6-OYsncVKJ308
ES,Pokemon,,display,B09S41JN5M,Pokemon TCG Pikachu V Booster Box - 4 sobres + Promo!,225.62,,False,https://www.amazon.es/Pokemon-TCG-Pikachu-Booster-Box/dp/B09S41JN5M/ref=sr_1_148?dib=eyJ2IjoiMSJ9.XYQI3oZJrGNEf9A6cXtaphVfCIv_b_7BxjH6tWBbvFvxpAsDn_GjugOQnsjNU9EuBU48coDosqwvQPAbnU0wokDSzoX2gjN-jH7oa-YJkugoNhoRFpvRlnqJ-IMA13tQ9j0dzgGkVpO19V-L9txIiSqdr7X_T0s37RmIJPTD5dZvAPlbIYLnTjjoMbyOGKkuh28cPkakQxVNG_XFPl9yPtAVY-yDwAixFrhNM7EJd__BXJpThN3l9CwLmTIIbf_-QQI66Jok1cAQ7JGaRgg2yP7hD-HGXc1zQ85oHZxXDlw.Mvcj4fNMnqcDGK6R9EFNJ7OYLKAUX3AIfoMEmblMOQM&dib_tag=se&keywords=pokemon+booster+box&qid=1791583895&sr=8-148&xpid=6-OYsncVKJ308
